,pathway,score,reaction
0,PWY-5340,84.7,R00509
1,PPGPPMET-PWY,76.3,R00330
2,PWY-7195,75.1,R00974
3,PWY-7194,75.1,R00974
4,ALANINE-SYN2-PWY,55.8,R00258
5,DETOX1-PWY,54.9,R00009
6,DETOX1-PWY,54.9,R00275
7,ASPARAGINE-DEG1-PWY,50.9,R00485
8,GLUTAMINDEG-PWY,50.7,R00256
9,SO4ASSIM-PWY,47.53333333333334,R00509
10,SO4ASSIM-PWY,47.53333333333334,R02021
11,SO4ASSIM-PWY,47.53333333333334,R00858
12,ARABCAT-PWY,46.7,R05850
13,PWY0-1471,42.824999999999996,R07316
14,PWY0-1471,42.824999999999996,R09947
15,PWY0-1471,42.824999999999996,R09289
16,PWY0-1471,42.824999999999996,R09983
17,PWY-7221,41.73333333333333,R00330
18,PWY-7221,41.73333333333333,R00332
19,PWY-7221,41.73333333333333,R01130
20,LYXMET-PWY,39.85,R03244
21,PWY-6961,39.85,R05850
22,LYXMET-PWY,39.85,R05850
23,PWY0-301,39.85,R03244
24,PWY0-301,39.85,R05850
25,PWY-6961,39.85,R03244
26,CYANCAT-PWY,39.35,R10092
27,CYANCAT-PWY,39.35,R07316
28,PWY0-1061,39.06666666666667,R00258
29,PWY0-1061,39.06666666666667,R01214
30,PWY0-1061,39.06666666666667,R01215
31,PWY-7219,39.03333333333334,R01135
32,PWY-7219,39.03333333333334,R00127
33,PWY-7219,39.03333333333334,R01083
34,PWY-5436,38.85,R00751
35,PWY-5436,38.85,R00228
36,GLUTSYN-PWY,38.75,R00248
37,GLUTSYN-PWY,38.75,R00256
38,AMMASSIM-PWY,38.75,R00248
39,AMMASSIM-PWY,38.75,R00256
40,MANNCAT-PWY,38.6,R01819
41,PWY-5659,38.6,R01819
42,PWY0-321,38.3,R06941
43,PWY0-321,38.3,R02539
44,PLPSAL-PWY,37.2,R00277
45,PWY0-845,37.2,R00277
46,PWY0-1277,36.1,R00228
47,PWY-5162,36.1,R00228
48,ETOH-ACETYLCOA-ANA-PWY,36.1,R00228
49,PWY-6126,33.96,R01137
50,PWY-6126,33.96,R01083
51,PWY-6126,33.96,R01135
52,PWY-6126,33.96,R00127
53,PWY-6126,33.96,R02017
54,PWY0-1299,33.5,R00566
55,THREONINE-DEG2-PWY,33.45,R00371
56,THREONINE-DEG2-PWY,33.45,R01465
57,PWY-7187,33.06666666666666,R02093
58,PWY-7187,33.06666666666666,R02100
59,PWY-7187,33.06666666666666,R02094
60,ACETOACETATE-DEG-PWY,32.05,R01359
61,ACETOACETATE-DEG-PWY,32.05,R00238
62,IDNCAT-PWY,31.8,R01737
63,GLUCONSUPER-PWY,31.8,R01737
64,KETOGLUCONMET-PWY,31.8,R01737
65,COLANSYN-PWY,31.35,R00291
66,COLANSYN-PWY,31.35,R01819
67,ASPASN-PWY,31.3,R00490
68,ASPASN-PWY,31.3,R00485
69,ASPASN-PWY,31.3,R00483
70,THREOCAT-PWY,30.9,R00371
71,THREOCAT-PWY,30.9,R00228
72,THREOCAT-PWY,30.9,R00751
73,THREOCAT-PWY,30.9,R01465
74,THREOCAT-PWY,30.9,R05070
75,THREOCAT-PWY,30.9,R02199
76,THREOCAT-PWY,30.9,R08648
77,ALANINE-VALINESYN-PWY,30.700000000000003,R01215
78,ALANINE-VALINESYN-PWY,30.700000000000003,R01214
79,FERMENTATION-PWY,30.177777777777774,R00704
80,FERMENTATION-PWY,30.177777777777774,R00228
81,FERMENTATION-PWY,30.177777777777774,R00212
82,FERMENTATION-PWY,30.177777777777774,R00230
83,FERMENTATION-PWY,30.177777777777774,R00200
84,FERMENTATION-PWY,30.177777777777774,R00315
85,FERMENTATION-PWY,30.177777777777774,R01325
86,FERMENTATION-PWY,30.177777777777774,R01082
87,FERMENTATION-PWY,30.177777777777774,R00351
88,PWY0-166,29.98,R02094
89,PWY0-166,29.98,R02326
90,PWY0-166,29.98,R02024
91,PWY-7184,29.98,R02100
92,PWY-7184,29.98,R02326
93,PWY-7184,29.98,R02093
94,PWY-7184,29.98,R02094
95,PWY-7184,29.98,R02024
96,PWY0-166,29.98,R02093
97,PWY0-166,29.98,R02100
98,PWY0-41,29.866666666666664,R02937
99,PWY0-41,29.866666666666664,R02935
100,PWY0-41,29.866666666666664,R07316
101,PWY-7206,29.8,R02100
102,HOMOSERSYN-PWY,29.6,R00480
103,HOMOSERSYN-PWY,29.6,R02291
104,PWY-46,29.5,R00670
105,PWY-6125,29.26,R01130
106,PWY-6125,29.26,R02019
107,PWY-6125,29.26,R00330
108,PWY-6125,29.26,R00332
109,PWY-6125,29.26,R01857
110,PWY-7197,29.200000000000003,R02094
111,PWY-7197,29.200000000000003,R02326
112,PWY-7197,29.200000000000003,R02093
113,PWY-7197,29.200000000000003,R01665
114,OXIDATIVEPENT-PWY,29.0,R02035
115,OXIDATIVEPENT-PWY,29.0,R00835
116,OXIDATIVEPENT-PWY,29.0,R01528
117,PWY-6611,28.8,R01131
118,MANNIDEG-PWY,28.7,R02703
119,PWY-6071,28.5,R06941
120,PWY-6071,28.5,R02536
121,PWY-6071,28.5,R02539
122,DENOVOPURINE2-PWY,28.246666666666666,R00332
123,DENOVOPURINE2-PWY,28.246666666666666,R07405
124,DENOVOPURINE2-PWY,28.246666666666666,R02019
125,DENOVOPURINE2-PWY,28.246666666666666,R00330
126,DENOVOPURINE2-PWY,28.246666666666666,R01083
127,DENOVOPURINE2-PWY,28.246666666666666,R01137
128,DENOVOPURINE2-PWY,28.246666666666666,R04591
129,DENOVOPURINE2-PWY,28.246666666666666,R01857
130,DENOVOPURINE2-PWY,28.246666666666666,R01130
131,DENOVOPURINE2-PWY,28.246666666666666,R01135
132,DENOVOPURINE2-PWY,28.246666666666666,R01072
133,DENOVOPURINE2-PWY,28.246666666666666,R00127
134,DENOVOPURINE2-PWY,28.246666666666666,R04144
135,DENOVOPURINE2-PWY,28.246666666666666,R02017
136,DENOVOPURINE2-PWY,28.246666666666666,R04559
137,PENTOSE-P-PWY,28.11666666666667,R01528
138,PENTOSE-P-PWY,28.11666666666667,R01827
139,PENTOSE-P-PWY,28.11666666666667,R00835
140,PENTOSE-P-PWY,28.11666666666667,R01529
141,PENTOSE-P-PWY,28.11666666666667,R01830
142,PENTOSE-P-PWY,28.11666666666667,R02035
143,PWY-7205,27.9,R00570
144,PWY-7205,27.9,R00512
145,PWY0-163,27.52857142857142,R01878
146,PWY0-163,27.52857142857142,R00974
147,PWY0-163,27.52857142857142,R00517
148,PWY0-163,27.52857142857142,R00968
149,PWY0-163,27.52857142857142,R00512
150,PWY0-163,27.52857142857142,R01876
151,PWY0-163,27.52857142857142,R00570
152,NONOXIPENT-PWY,27.233333333333334,R01827
153,NONOXIPENT-PWY,27.233333333333334,R01529
154,NONOXIPENT-PWY,27.233333333333334,R01830
155,PWY0-1465,27.2,R00215
156,PWY0-1296,27.15,R02147
157,PWY0-1296,27.15,R02297
158,SULFATE-CYS-PWY,27.012500000000003,R02021
159,SULFATE-CYS-PWY,27.012500000000003,R00858
160,SULFATE-CYS-PWY,27.012500000000003,R04173
161,SULFATE-CYS-PWY,27.012500000000003,R00586
162,SULFATE-CYS-PWY,27.012500000000003,R00897
163,SULFATE-CYS-PWY,27.012500000000003,R00509
164,SULFATE-CYS-PWY,27.012500000000003,R01513
165,SULFATE-CYS-PWY,27.012500000000003,R00582
166,PHESYN,26.9,R01373
167,PWY-7805,26.866666666666664,R06836
168,PWY-7805,26.866666666666664,R00190
169,PWY-7805,26.866666666666664,R00004
170,GLUTSYNIII-PWY,26.8,R00248
171,GALACTCAT-PWY,26.7,R03387
172,GALACTCAT-PWY,26.7,R01064
173,GALACTCAT-PWY,26.7,R03033
174,ASPARAGINESYN-PWY,26.4,R00483
175,PWY-7220,26.35,R02017
176,PWY-7220,26.35,R01137
177,PWY-6608,26.15,R01227
178,PWY-6608,26.15,R01676
179,PWY-6608,26.15,R02147
180,PWY-6608,26.15,R02103
181,ARGSYN-PWY,25.95,R02283
182,ARGSYN-PWY,25.95,R01086
183,ARGSYN-PWY,25.95,R03443
184,ARGSYN-PWY,25.95,R00259
185,XYLCAT-PWY,25.9,R01639
186,XYLCAT-PWY,25.9,R01432
187,ORNDEG-PWY,25.75,R01155
188,ORNDEG-PWY,25.75,R00670
189,PWY-6123,25.400000000000002,R04559
190,PWY-6123,25.400000000000002,R07405
191,PWY-6123,25.400000000000002,R04591
192,GLYCOLYSIS,25.333333333333332,R01518
193,GLYCOLYSIS,25.333333333333332,R01512
194,GLYCOLYSIS,25.333333333333332,R01061
195,PWY-5484,25.333333333333332,R01512
196,GLYCOLYSIS,25.333333333333332,R00200
197,PWY-5484,25.333333333333332,R01015
198,PWY-5484,25.333333333333332,R01518
199,PWY-5484,25.333333333333332,R00200
200,PWY-5484,25.333333333333332,R00658
201,PWY-5484,25.333333333333332,R01061
202,GLYCOLYSIS,25.333333333333332,R01015
203,GLYCOLYSIS,25.333333333333332,R00658
204,PWY-6387,25.3,R02783
205,PWY-6387,25.3,R01150
206,PWY-6387,25.3,R00260
207,PWY-6387,25.3,R03193
208,PWY-6387,25.3,R00660
209,ARG+POLYAMINE-SYN,25.099999999999998,R02283
210,ARG+POLYAMINE-SYN,25.099999999999998,R01086
211,ARG+POLYAMINE-SYN,25.099999999999998,R01157
212,ARG+POLYAMINE-SYN,25.099999999999998,R00259
213,ARG+POLYAMINE-SYN,25.099999999999998,R03443
214,ARG+POLYAMINE-SYN,25.099999999999998,R00566
215,ARG+POLYAMINE-SYN,25.099999999999998,R00670
216,THRDLCTCAT-PWY,24.6,R01465
217,PWY-6620,24.6,R02147
218,SALVPURINE2-PWY,24.6,R02297
219,SALVPURINE2-PWY,24.6,R02142
220,GLUTORN-PWY,24.333333333333332,R00259
221,GLUTORN-PWY,24.333333333333332,R02283
222,GLUTORN-PWY,24.333333333333332,R03443
223,GLYCEROLMETAB-PWY,24.3,R01012
224,PWY-7208,24.3,R00156
225,PWY-7176,24.3,R00156
226,MET-SAM-PWY,24.275,R00480
227,METSYN-PWY,24.275,R02291
228,METSYN-PWY,24.275,R00480
229,MET-SAM-PWY,24.275,R01777
230,MET-SAM-PWY,24.275,R03260
231,MET-SAM-PWY,24.275,R02291
232,METSYN-PWY,24.275,R01777
233,METSYN-PWY,24.275,R03260
234,PWY0-1325,24.15,R00578
235,PWY0-1325,24.15,R00483
236,PWY-7344,24.1,R00291
237,GLUCONEO-PWY,24.033333333333335,R01512
238,GLUCONEO-PWY,24.033333333333335,R00658
239,GLUCONEO-PWY,24.033333333333335,R01518
240,GLUCONEO-PWY,24.033333333333335,R00216
241,GLUCONEO-PWY,24.033333333333335,R01015
242,GLUCONEO-PWY,24.033333333333335,R01061
243,POLYAMSYN-PWY,23.96666666666667,R00670
244,POLYAMSYN-PWY,23.96666666666667,R01157
245,POLYAMSYN-PWY,23.96666666666667,R00566
246,ILEUSYN-PWY,23.900000000000002,R05070
247,ILEUSYN-PWY,23.900000000000002,R02199
248,ILEUSYN-PWY,23.900000000000002,R08648
249,THRESYN-PWY,23.700000000000003,R00480
250,THRESYN-PWY,23.700000000000003,R02291
251,THRESYN-PWY,23.700000000000003,R01466
252,THRESYN-PWY,23.700000000000003,R01771
253,GLUCARDEG-PWY,23.566666666666663,R02754
254,GLUCARDEG-PWY,23.566666666666663,R02752
255,GLUCARDEG-PWY,23.566666666666663,R08572
256,GLUCARGALACTSUPER-PWY,23.475,R02752
257,GLUCARGALACTSUPER-PWY,23.475,R02754
258,GLUCARGALACTSUPER-PWY,23.475,R08572
259,GLUCARGALACTSUPER-PWY,23.475,R05608
260,PWY-6164,23.35,R01826
261,PWY-6164,23.35,R03083
262,GLYCOLYSIS-E-D,23.33333333333333,R00835
263,GLYCOLYSIS-E-D,23.33333333333333,R02035
264,GLYCOLYSIS-E-D,23.33333333333333,R01061
265,GLYCOLYSIS-E-D,23.33333333333333,R01015
266,GLYCOLYSIS-E-D,23.33333333333333,R01518
267,GLYCOLYSIS-E-D,23.33333333333333,R00200
268,GLYCOLYSIS-E-D,23.33333333333333,R00658
269,GLYCOLYSIS-E-D,23.33333333333333,R01512
270,GLYCOLYSIS-E-D,23.33333333333333,R05605
271,PWY0-1300,22.9,R08572
272,KDOSYN-PWY,22.9,R05074
273,TYRSYN,22.85,R01728
274,TYRSYN,22.85,R00734
275,PRPP-PWY,22.800000000000004,R03457
276,PRPP-PWY,22.800000000000004,R04558
277,PRPP-PWY,22.800000000000004,R01130
278,PRPP-PWY,22.800000000000004,R01137
279,PRPP-PWY,22.800000000000004,R00156
280,PRPP-PWY,22.800000000000004,R01083
281,PRPP-PWY,22.800000000000004,R04559
282,PRPP-PWY,22.800000000000004,R00330
283,PRPP-PWY,22.800000000000004,R01397
284,PRPP-PWY,22.800000000000004,R04640
285,PRPP-PWY,22.800000000000004,R01870
286,PRPP-PWY,22.800000000000004,R00332
287,PRPP-PWY,22.800000000000004,R02019
288,PRPP-PWY,22.800000000000004,R01135
289,PRPP-PWY,22.800000000000004,R00127
290,PRPP-PWY,22.800000000000004,R03243
291,PRPP-PWY,22.800000000000004,R04035
292,PRPP-PWY,22.800000000000004,R03013
293,PRPP-PWY,22.800000000000004,R07405
294,PRPP-PWY,22.800000000000004,R04037
295,PRPP-PWY,22.800000000000004,R04144
296,PRPP-PWY,22.800000000000004,R02017
297,PRPP-PWY,22.800000000000004,R01071
298,PRPP-PWY,22.800000000000004,R01072
299,PRPP-PWY,22.800000000000004,R04591
300,PRPP-PWY,22.800000000000004,R01993
301,PRPP-PWY,22.800000000000004,R01857
302,PRPP-PWY,22.800000000000004,R00965
303,PWY0-1261,22.700000000000003,R00660
304,PWY0-1261,22.700000000000003,R02060
305,GLYCOLATEMET-PWY,22.7,R08572
306,GLYCOLATEMET-PWY,22.7,R01745
307,GLYCOLATEMET-PWY,22.7,R00013
308,TCA,22.68,R00351
309,TCA,22.68,R01325
310,TCA,22.68,R08549
311,TCA,22.68,R00405
312,TCA,22.68,R01082
313,GALACTARDEG-PWY,22.633333333333336,R02754
314,GALACTARDEG-PWY,22.633333333333336,R05608
315,GALACTARDEG-PWY,22.633333333333336,R08572
316,PWY-7211,22.6,R00156
317,PWY-7211,22.6,R02093
318,PWY-7211,22.6,R01870
319,PWY-7211,22.6,R02100
320,PWY-7211,22.6,R01993
321,PWY-7211,22.6,R01397
322,PWY-7211,22.6,R02094
323,PWY-7211,22.6,R02326
324,PWY-7211,22.6,R00965
325,PWY-7211,22.6,R02024
326,HEXITOLDEGSUPER-PWY,22.43333333333333,R01015
327,HEXITOLDEGSUPER-PWY,22.43333333333333,R00200
328,HEXITOLDEGSUPER-PWY,22.43333333333333,R00658
329,HEXITOLDEGSUPER-PWY,22.43333333333333,R01518
330,HEXITOLDEGSUPER-PWY,22.43333333333333,R01512
331,HEXITOLDEGSUPER-PWY,22.43333333333333,R03236
332,HEXITOLDEGSUPER-PWY,22.43333333333333,R02703
333,HEXITOLDEGSUPER-PWY,22.43333333333333,R01069
334,HEXITOLDEGSUPER-PWY,22.43333333333333,R01061
335,VALSYN-PWY,22.375,R00226
336,VALSYN-PWY,22.375,R04439
337,VALSYN-PWY,22.375,R04441
338,VALSYN-PWY,22.375,R01214
339,GLYCOLYSIS-TCA-GLYOX-BYPASS,22.338461538461537,R01061
340,GLYCOLYSIS-TCA-GLYOX-BYPASS,22.338461538461537,R00405
341,GLYCOLYSIS-TCA-GLYOX-BYPASS,22.338461538461537,R08549
342,GLYCOLYSIS-TCA-GLYOX-BYPASS,22.338461538461537,R00472
343,GLYCOLYSIS-TCA-GLYOX-BYPASS,22.338461538461537,R00351
344,GLYCOLYSIS-TCA-GLYOX-BYPASS,22.338461538461537,R01518
345,GLYCOLYSIS-TCA-GLYOX-BYPASS,22.338461538461537,R00200
346,GLYCOLYSIS-TCA-GLYOX-BYPASS,22.338461538461537,R00209
347,GLYCOLYSIS-TCA-GLYOX-BYPASS,22.338461538461537,R01512
348,GLYCOLYSIS-TCA-GLYOX-BYPASS,22.338461538461537,R01325
349,GLYCOLYSIS-TCA-GLYOX-BYPASS,22.338461538461537,R00658
350,GLYCOLYSIS-TCA-GLYOX-BYPASS,22.338461538461537,R01082
351,GLYCOLYSIS-TCA-GLYOX-BYPASS,22.338461538461537,R01015
352,TCA-GLYOX-BYPASS,22.333333333333332,R00351
353,TCA-GLYOX-BYPASS,22.333333333333332,R01082
354,TCA-GLYOX-BYPASS,22.333333333333332,R01325
355,TCA-GLYOX-BYPASS,22.333333333333332,R00472
356,TCA-GLYOX-BYPASS,22.333333333333332,R08549
357,TCA-GLYOX-BYPASS,22.333333333333332,R00405
358,PWY0-1324,22.200000000000003,R02705
359,PWY0-1324,22.200000000000003,R02087
360,PWY0-1477,22.200000000000003,R00315
361,PWY0-1477,22.200000000000003,R00228
362,PWY0-1477,22.200000000000003,R00749
363,GLCMANNANAUT-PWY,22.200000000000003,R02705
364,PWY0-1477,22.200000000000003,R00230
365,GLCMANNANAUT-PWY,22.200000000000003,R02087
366,GLYCOL-GLYOXDEG-PWY,22.174999999999997,R00013
367,GLYCOL-GLYOXDEG-PWY,22.174999999999997,R01745
368,GLYCOL-GLYOXDEG-PWY,22.174999999999997,R08572
369,GLYCOL-GLYOXDEG-PWY,22.174999999999997,R00472
370,BRANCHED-CHAIN-AA-SYN-PWY,22.153846153846157,R04439
371,BRANCHED-CHAIN-AA-SYN-PWY,22.153846153846157,R00226
372,BRANCHED-CHAIN-AA-SYN-PWY,22.153846153846157,R03968
373,BRANCHED-CHAIN-AA-SYN-PWY,22.153846153846157,R04426
374,BRANCHED-CHAIN-AA-SYN-PWY,22.153846153846157,R01090
375,BRANCHED-CHAIN-AA-SYN-PWY,22.153846153846157,R04001
376,BRANCHED-CHAIN-AA-SYN-PWY,22.153846153846157,R01652
377,BRANCHED-CHAIN-AA-SYN-PWY,22.153846153846157,R05070
378,BRANCHED-CHAIN-AA-SYN-PWY,22.153846153846157,R02199
379,BRANCHED-CHAIN-AA-SYN-PWY,22.153846153846157,R01213
380,BRANCHED-CHAIN-AA-SYN-PWY,22.153846153846157,R04441
381,BRANCHED-CHAIN-AA-SYN-PWY,22.153846153846157,R08648
382,BRANCHED-CHAIN-AA-SYN-PWY,22.153846153846157,R01214
383,PUTDEG-PWY,22.0,R01155
384,PEPTIDOGLYCANSYN-PWY,21.983333333333334,R05032
385,PEPTIDOGLYCANSYN-PWY,21.983333333333334,R00260
386,PEPTIDOGLYCANSYN-PWY,21.983333333333334,R03193
387,PEPTIDOGLYCANSYN-PWY,21.983333333333334,R00660
388,PEPTIDOGLYCANSYN-PWY,21.983333333333334,R02783
389,PEPTIDOGLYCANSYN-PWY,21.983333333333334,R01150
390,ASPARAGINE-BIOSYNTHESIS,21.9,R00578
391,GLUCOSE1PMETAB-PWY,21.8,R00304
392,GLUCOSE1PMETAB-PWY,21.8,R00299
393,AST-PWY,21.75,R04217
394,AST-PWY,21.75,R00832
395,AST-PWY,21.75,R05049
396,AST-PWY,21.75,R04189
397,PWY-6605,21.5,R00190
398,ALADEG-PWY,21.4,R00401
399,PWY-8072,21.4,R00401
400,PWY-40,21.2,R00566
401,PWY0-823,21.2,R01157
402,PWY0-823,21.2,R00566
403,PWY-40,21.2,R01157
404,LEUSYN-PWY,21.13333333333333,R01090
405,LEUSYN-PWY,21.13333333333333,R04001
406,LEUSYN-PWY,21.13333333333333,R03968
407,LEUSYN-PWY,21.13333333333333,R01213
408,LEUSYN-PWY,21.13333333333333,R01652
409,LEUSYN-PWY,21.13333333333333,R04426
410,GALACTMETAB-PWY,20.833333333333332,R00291
411,GALACTMETAB-PWY,20.833333333333332,R01092
412,GALACTMETAB-PWY,20.833333333333332,R00955
413,UDPNAGSYN-PWY,20.8,R02060
414,OANTIGEN-PWY,20.8,R02060
415,GALACT-GLUCUROCAT-PWY,20.766666666666666,R02454
416,GALACT-GLUCUROCAT-PWY,20.766666666666666,R05605
417,GALACT-GLUCUROCAT-PWY,20.766666666666666,R01540
418,GALACT-GLUCUROCAT-PWY,20.766666666666666,R02555
419,GALACT-GLUCUROCAT-PWY,20.766666666666666,R01541
420,GALACT-GLUCUROCAT-PWY,20.766666666666666,R05606
421,GLYOXDEG-PWY,20.6,R00472
422,NAGLIPASYN-PWY,20.5,R04587
423,NAGLIPASYN-PWY,20.5,R04550
424,NAGLIPASYN-PWY,20.5,R04567
425,NAGLIPASYN-PWY,20.5,R04549
426,NAGLIPASYN-PWY,20.5,R04606
427,NAGLIPASYN-PWY,20.5,R04657
428,GLYOXYLATE-BYPASS,20.433333333333334,R00472
429,GLYOXYLATE-BYPASS,20.433333333333334,R01325
430,GLYOXYLATE-BYPASS,20.433333333333334,R00351
431,PWY0-381,20.4,R00847
432,PWY-4261,20.4,R00847
433,GLUCUROCAT-PWY,20.375,R01541
434,GLUCUROCAT-PWY,20.375,R05606
435,PWY-7242,20.375,R05606
436,PWY-7242,20.375,R02454
437,GLUCUROCAT-PWY,20.375,R02454
438,GLUCUROCAT-PWY,20.375,R05605
439,PWY-7242,20.375,R05605
440,PWY-7242,20.375,R01541
441,PWY0-1337,20.075,R04743
442,PWY0-1337,20.075,R01975
443,PWY0-1337,20.075,R04749
444,PWY0-1337,20.075,R03026
445,PWY0-1337,20.075,R01177
446,PWY0-1337,20.075,R04748
447,PWY0-1337,20.075,R03778
448,PWY0-1337,20.075,R00238
449,LPSSYN-PWY,19.725,R04549
450,KDO-NAGLIPASYN-PWY,19.725,R05074
451,KDO-NAGLIPASYN-PWY,19.725,R04657
452,KDO-NAGLIPASYN-PWY,19.725,R04549
453,KDO-NAGLIPASYN-PWY,19.725,R04567
454,KDO-NAGLIPASYN-PWY,19.725,R04587
455,KDO-NAGLIPASYN-PWY,19.725,R04550
456,KDO-NAGLIPASYN-PWY,19.725,R04606
457,LPSSYN-PWY,19.725,R05074
458,LPSSYN-PWY,19.725,R01530
459,LPSSYN-PWY,19.725,R04606
460,KDO-NAGLIPASYN-PWY,19.725,R01530
461,LPSSYN-PWY,19.725,R04550
462,LPSSYN-PWY,19.725,R04567
463,LPSSYN-PWY,19.725,R04587
464,LPSSYN-PWY,19.725,R04657
465,TREDEGLOW-PWY,19.65,R06113
466,TREDEGLOW-PWY,19.65,R00299
467,PWY-7180,19.46666666666667,R00228
468,PWY-7180,19.46666666666667,R01066
469,PWY-7180,19.46666666666667,R02749
470,GALACTUROCAT-PWY,19.375,R05605
471,GALACTUROCAT-PWY,19.375,R01540
472,GALACTUROCAT-PWY,19.375,R01541
473,GALACTUROCAT-PWY,19.375,R02555
474,PWY0-1295,19.25,R01878
475,PWY0-1295,19.25,R01876
476,HOMOSER-METSYN-PWY,18.95,R03260
477,HOMOSER-METSYN-PWY,18.95,R01777
478,PWY0-44,18.9,R09031
479,TRPSYN-PWY,18.7,R01073
480,TRPSYN-PWY,18.7,R03509
481,FUCCAT-PWY,18.7,R03241
482,FUCCAT-PWY,18.7,R02262
483,TRPSYN-PWY,18.7,R00674
484,TRPSYN-PWY,18.7,R02340
485,TRPSYN-PWY,18.7,R00986
486,PWY-7196,18.599999999999998,R00964
487,PWY-7196,18.599999999999998,R01878
488,PWY-7196,18.599999999999998,R00570
489,PWY-7196,18.599999999999998,R00512
490,PWY-7196,18.599999999999998,R00513
491,PWY-7196,18.599999999999998,R00156
492,COMPLETE-ARO-PWY,18.407692307692308,R02412
493,COMPLETE-ARO-PWY,18.407692307692308,R01373
494,COMPLETE-ARO-PWY,18.407692307692308,R00674
495,ALL-CHORISMATE-PWY,18.407692307692308,R03460
496,ALL-CHORISMATE-PWY,18.407692307692308,R02412
497,ALL-CHORISMATE-PWY,18.407692307692308,R03083
498,ALL-CHORISMATE-PWY,18.407692307692308,R00986
499,ALL-CHORISMATE-PWY,18.407692307692308,R02340
500,ALL-CHORISMATE-PWY,18.407692307692308,R00674
501,COMPLETE-ARO-PWY,18.407692307692308,R01073
502,COMPLETE-ARO-PWY,18.407692307692308,R00734
503,COMPLETE-ARO-PWY,18.407692307692308,R01728
504,COMPLETE-ARO-PWY,18.407692307692308,R01826
505,COMPLETE-ARO-PWY,18.407692307692308,R03509
506,COMPLETE-ARO-PWY,18.407692307692308,R01714
507,COMPLETE-ARO-PWY,18.407692307692308,R03460
508,COMPLETE-ARO-PWY,18.407692307692308,R03083
509,COMPLETE-ARO-PWY,18.407692307692308,R00986
510,ALL-CHORISMATE-PWY,18.407692307692308,R01714
511,ALL-CHORISMATE-PWY,18.407692307692308,R03509
512,ALL-CHORISMATE-PWY,18.407692307692308,R01826
513,ALL-CHORISMATE-PWY,18.407692307692308,R01373
514,ALL-CHORISMATE-PWY,18.407692307692308,R01728
515,COMPLETE-ARO-PWY,18.407692307692308,R02340
516,ALL-CHORISMATE-PWY,18.407692307692308,R01073
517,ALL-CHORISMATE-PWY,18.407692307692308,R00734
518,ORNARGDEG-PWY,17.85,R00714
519,ORNARGDEG-PWY,17.85,R00670
520,ORNARGDEG-PWY,17.85,R00566
521,ORNARGDEG-PWY,17.85,R01155
522,ORNARGDEG-PWY,17.85,R01648
523,ORNARGDEG-PWY,17.85,R01157
524,HOMOSER-THRESYN-PWY,17.8,R01771
525,HOMOSER-THRESYN-PWY,17.8,R01466
526,PWY0-181,17.425,R02485
527,PWY0-181,17.425,R02099
528,PWY0-181,17.425,R02484
529,PWY0-181,17.425,R01567
530,HISTSYN-PWY,17.325,R04035
531,HISTSYN-PWY,17.325,R04037
532,HISTSYN-PWY,17.325,R04558
533,HISTSYN-PWY,17.325,R01071
534,HISTSYN-PWY,17.325,R04640
535,HISTSYN-PWY,17.325,R03457
536,HISTSYN-PWY,17.325,R03243
537,HISTSYN-PWY,17.325,R03013
538,PWY0-781,17.166666666666668,R02291
539,P4-PWY,17.166666666666668,R02291
540,P4-PWY,17.166666666666668,R00451
541,P4-PWY,17.166666666666668,R01466
542,P4-PWY,17.166666666666668,R00480
543,P4-PWY,17.166666666666668,R02734
544,P4-PWY,17.166666666666668,R01777
545,P4-PWY,17.166666666666668,R01771
546,P4-PWY,17.166666666666668,R03260
547,P4-PWY,17.166666666666668,R02735
548,PWY0-781,17.166666666666668,R03260
549,PWY0-781,17.166666666666668,R00451
550,PWY0-781,17.166666666666668,R01466
551,PWY0-781,17.166666666666668,R02735
552,PWY0-781,17.166666666666668,R01771
553,PWY0-781,17.166666666666668,R01777
554,PWY0-781,17.166666666666668,R02734
555,PWY0-781,17.166666666666668,R00480
556,PWY-6579,16.85,R01228
557,PWY-6579,16.85,R02147
558,SALVADEHYPOX-PWY,16.666666666666668,R00183
559,SALVADEHYPOX-PWY,16.666666666666668,R01768
560,SALVADEHYPOX-PWY,16.666666666666668,R02103
561,PWY-8294,16.6,R00490
562,PWY-8291,16.6,R00490
563,GLUTDEG-PWY,16.6,R00490
564,PWY-7870,16.5,R00586
565,DAPLYSINESYN-PWY,16.2,R02291
566,DAPLYSINESYN-PWY,16.2,R00451
567,DAPLYSINESYN-PWY,16.2,R00480
568,DAPLYSINESYN-PWY,16.2,R02734
569,DAPLYSINESYN-PWY,16.2,R02735
570,PWY0-1297,15.883333333333335,R02556
571,PWY0-1297,15.883333333333335,R02749
572,PWY0-1297,15.883333333333335,R02557
573,PWY0-1297,15.883333333333335,R00228
574,PWY0-1297,15.883333333333335,R01066
575,PWY0-1297,15.883333333333335,R02748
576,PWY0-1298,15.719999999999999,R01066
577,PWY0-1298,15.719999999999999,R00228
578,PWY0-1298,15.719999999999999,R02749
579,PWY0-1298,15.719999999999999,R02484
580,PWY0-1298,15.719999999999999,R02485
581,FUC-RHAMCAT-PWY,15.7,R01446
582,PWY-6122,15.7,R04144
583,PWY-6121,15.7,R01072
584,FUC-RHAMCAT-PWY,15.7,R03241
585,PWY-6122,15.7,R01072
586,PWY-6121,15.7,R04144
587,FUC-RHAMCAT-PWY,15.7,R02263
588,FUC-RHAMCAT-PWY,15.7,R02262
589,PWY-6277,15.7,R01072
590,PWY-6277,15.7,R04144
591,ARGDEG-PWY,15.52,R00714
592,ARGDEG-PWY,15.52,R01155
593,ARGDEG-PWY,15.52,R01157
594,ARGDEG-PWY,15.52,R00566
595,ARGDEG-PWY,15.52,R01648
596,PWY0-1317,15.5,R01446
597,PWY-5459,15.5,R01446
598,METHGLYUT-PWY,15.5,R01446
599,PWY0-162,15.219999999999999,R00965
600,PWY0-162,15.219999999999999,R01870
601,PWY0-162,15.219999999999999,R00156
602,PWY0-162,15.219999999999999,R01397
603,PWY0-162,15.219999999999999,R01993
604,SER-GLYSYN-PWY,15.0,R01513
605,SERSYN-PWY,15.0,R04173
606,SERSYN-PWY,15.0,R01513
607,SER-GLYSYN-PWY,15.0,R00582
608,SER-GLYSYN-PWY,15.0,R04173
609,SERSYN-PWY,15.0,R00582
610,ARO-PWY,14.64,R02412
611,ARO-PWY,14.64,R03083
612,ARO-PWY,14.64,R03460
613,ARO-PWY,14.64,R01826
614,ARO-PWY,14.64,R01714
615,CYSTSYN-PWY,14.25,R00586
616,CYSTSYN-PWY,14.25,R00897
617,PROSYN-PWY,13.75,R03313
618,PROSYN-PWY,13.75,R00239
619,PWY-5686,12.95,R01870
620,PWY-5686,12.95,R01397
621,PWY-5686,12.95,R01993
622,PWY-5686,12.95,R00965
623,PWY-7179,12.299999999999999,R02748
624,PWY-7179,12.299999999999999,R02556
625,PWY-7179,12.299999999999999,R02557
626,PWY-1269,11.9,R01530
627,ENTNER-DOUDOROFF-PWY,11.1,R05605
628,GALACTITOLCAT-PWY,10.600000000000001,R03236
629,GALACTITOLCAT-PWY,10.600000000000001,R01069
630,PWY-5971,10.6,R04566
631,PWY-7222,10.55,R01857
632,PWY-7222,10.55,R02019
633,PWY-7193,10.5,R00513
634,PWY-7193,10.5,R01878
635,PWY-7193,10.5,R00964
636,PWY-6535,10.5,R01648
637,ACETATEUTIL-PWY,10.25,R00315
638,ACETATEUTIL-PWY,10.25,R00230
639,PWY0-1312,10.25,R00315
640,PWY0-1312,10.25,R00230
641,PWY-7181,10.100000000000001,R02485
642,PWY-7181,10.100000000000001,R02484
643,RHAMCAT-PWY,9.9,R02263
644,PWY0-881,9.7,R01626
645,FASYN-INITIAL-PWY,9.7,R01626
646,PWY-4381,9.7,R01626
647,PWY-6618,9.1,R01228
648,2PHENDEG-PWY,8.9,R02536
649,PWY-6163,8.833333333333334,R03460
650,PWY-6163,8.833333333333334,R01714
651,PWY-6163,8.833333333333334,R02412
652,GLYCOCAT-PWY,6.9,R00299
653,PWY0-1182,6.9,R00299
654,4AMINOBUTMETAB-PWY,6.6,R00714
655,4AMINOBUTMETAB-PWY,6.6,R01648
656,PWY-6537,6.6,R00714
657,PWY-6537,6.6,R01648
658,PWY-6556,1.5,R01878
